,ID,FULL TEXT,CREATED AT,LIKE COUNT,FOLLOWERS COUNT

0,1420574949966819328,@Srihandalk @kajuwattha ‡∑Ñ‡∑è‡∂∏‡∑î‡∂Ø‡∑î‡∂ª‡∑î‡∑Ä‡∂ª‡∑î‡∂±‡∑ä‡∂ú‡∑ö ‡∑É‡∑Ñ ‡∑É‡∑í‡∂∫‡∂Ω‡∑ñ‡∂∏ ‡∂¥‡∑ñ‡∂¢‡∂ö‡∂∫‡∂±‡∑ä‡∂ú‡∑ö ‡∂∏‡∑è‡∂±‡∑É‡∑í‡∂ö ‡∑É‡∑û‡∂õ‡∑ä‚Äç‡∂∫‡∂∫ ‡∂ú‡∑ê‡∂± ‡∑É‡∑ú‡∂∫‡∑è ‡∂∂‡∑ê‡∂Ω‡∑ì‡∂∏‡∑ö ‡∑Ä‡∑ê‡∂© ‡∂¥‡∑í‡∂Ω‡∑í‡∑Ä‡∂Ω‡∂ö‡∑ä ‡∂ï‡∂±‡∑ö. ‡∂Ö‡∑É‡∑ä‡∑Ä‡∑è‡∂∂‡∑è‡∑Ä‡∑í‡∂ö ‡∂¢‡∑ì‡∑Ä‡∑í‡∂≠ ‡∂ú‡∂≠ ‡∂ö‡∑í‡∂ª‡∑ì‡∂∏ ‡∂â‡∂≠‡∑è ‡∂Ö‡∂¥‡∑Ñ‡∑É‡∑î ‡∑Ä‡∑ê‡∂©‡∂ö‡∑ä.,2021-07-29 02:40:35,1,1433
1,1419970859775651842,"@GotabayaR ‡∂Ø‡∑ä‡∑Ä‡∑í‡∂¥‡∑è‡∂ª‡∑ä‡∑Å‡∑Ä‡∑í‡∂ö ‡∂ë‡∂ö‡∂ü‡∂≠‡∑è‡∑Ä ‡∂¥‡∂ª‡∑í‡∂Ø‡∑í, ‡∂¢‡∂± ‡∂¢‡∑ì‡∑Ä‡∑í‡∂≠ ‡∑É‡∑Ñ ‡∑É‡∑û‡∂õ‡∑ä‚Äç‡∂∫‡∂∫ ‡∂∏‡∂±‡∑è‡∑Ä ‡∂Ü‡∂ª‡∂ö‡∑ä‡∑Ç‡∑è ‡∂ö‡∂ª‡∂∏‡∑í‡∂±‡∑ä ‡∑Ñ‡∑ê‡∂ö‡∑í ‡∂â‡∂ö‡∑ä‡∂∏‡∂´‡∑í‡∂±‡∑ä ‡∂Ü‡∂ª‡∑ä‡∂Æ‡∑í‡∂ö‡∂∫ ‡∑Ñ‡∑è ‡∑É‡∂∏‡∑è‡∂¢‡∂∫ ‡∂∫‡∂Æ‡∑è ‡∂≠‡∂≠‡∑ä‡∂≠‡∑ä‡∑Ä‡∂∫‡∂ß ‡∂¥‡∂≠‡∑ä ‡∂ö‡∑í‡∂ª‡∑ì‡∂∏ ‡∑É‡∂≥‡∑Ñ‡∑è ‡∑Å‡∑ä‚Äç‡∂ª‡∑ì ‡∂Ω‡∂Ç‡∂ö‡∑è‡∑Ä‡∑ö ‡∂ã‡∂≠‡∑î‡∂ª‡∑î ‡∑Ñ‡∑è ‡∂±‡∑ê‡∂ú‡∑ô‡∂±‡∑Ñ‡∑í‡∂ª ‡∂¥‡∑Ö‡∑è‡∂≠‡∑ä ‡∑Ä‡∂Ω‡∂ß ‡∂†‡∑ì‡∂±‡∂∫‡∑ö ‡∑É‡∑í‡∂±‡∑ú‡∑Ü‡∑è‡∂∏‡∑ä ‡∂ë‡∂±‡∑ä‡∂±‡∂≠‡∑ä ‡∂∏‡∑è‡∂≠‡∑ä‚Äç‡∂ª‡∑è ‡∂∏‡∑í‡∂Ω‡∑í‡∂∫‡∂± 1.6 ‡∂ö‡∑ä ‡∂¥‡∑ä‚Äç‡∂ª‚Äç‡∂Æ‡∂∏‡∂∫‡∑ô‡∂±‡∑ä ‡∂∏ ‡∂Ω‡∂∂‡∑è ‡∂Ø‡∑ô‡∂±‡∑î ‡∂á‡∂≠.
üá±üá∞üá®üá≥ https://t.co/1lByoETj0Y",2021-07-27 10:40:09,10,13898
2,1419401084058017792,@FCDOGovUK @UKinSriLanka ‡∂ö‡∂ª‡∑ê‡∂±‡∑è‡∂ö‡∂ª ‡∂†‡∑í‡∂±‡∂∫‡∑ö ‡∂±‡∑í‡∑Ç‡∑ä‡∂¥‡∑è‡∂Ø‡∑í‡∂≠ Sinopharm ‡∂ë‡∂±‡∑ä‡∂±‡∂≠ ‡∂Ω‡∂∂‡∑è‡∂ú‡∂≠‡∑ä ‡∂¥‡∑î‡∂Ø‡∑ä‡∂ú‡∂Ω‡∂∫‡∂±‡∑ä ‡∑Ñ‡∂ß ‡∂∫‡∑î‡∂ª‡∑ù‡∂¥‡∑ì‡∂∫ ‡∂ª‡∂ß ‡∑Ä‡∂Ω‡∂ß ‡∑Ä‡∑í‡∑É‡∑è ‡∂±‡∑í‡∂ö‡∑î‡∂≠‡∑ä ‡∂±‡∑ú‡∂ö‡∑í‡∂ª‡∑ì‡∂∏ ‡∂¥‡∑í‡∑Ö‡∑í‡∂∂‡∂≥ ‡∑Ä ‡∂Ω‡∑ù‡∂ö ‡∑É‡∑û‡∂õ‡∑ä‚Äç‡∂∫‡∂∫ ‡∑É‡∂Ç‡∑Ä‡∑í‡∂∞‡∑è‡∂±‡∂∫ ‡∂Ö‡∑Ä‡∂Ø‡∑è‡∂±‡∂∫ ‡∂∫‡∑ú‡∂∏‡∑î ‡∂ö‡∂ª‡∂±‡∑ä‡∂± . ‡∑É‡∑û‡∂õ‡∑ä‚Äç‡∂∫‡∂∫ ‡∂ú‡∑ê‡∂ß‡∂Ω‡∑î‡∑Ä ‡∂Ø‡∑ô‡∑É‡∂¥‡∑è‡∂Ω‡∂±‡∂∫ ‡∂ö‡∂ª‡∂±‡∑ä‡∂± ‡∂ë‡∂¥‡∑è. ‡∂¢‡∂±‡∂≠‡∑è‡∑Ä ‡∂∏‡∑ô‡∑í ‡∂¥‡∑í‡∑Ö‡∑í‡∂∂‡∂≥ ‡∑Ñ‡∂© ‡∂±‡∑ê‡∂ú‡∑í‡∂∫ ‡∂∫‡∑î‡∂≠‡∑î‡∂∫‡∑í,2021-07-25 20:56:04,0,87
3,1419400318865920004,@WHOSriLanka @WHOSEARO @UNSriLanka @MoH_SriLanka @HPBSriLanka @DMRCASriLanka @ACJUNEWS @newsdotlk ‡∂ö‡∂ª‡∑ê‡∂±‡∑è‡∂ö‡∂ª ‡∂†‡∑í‡∂±‡∂∫‡∑ö ‡∂±‡∑í‡∑Ç‡∑ä‡∂¥‡∑è‡∂Ø‡∑í‡∂≠ Sinopharm ‡∂ë‡∂±‡∑ä‡∂±‡∂≠ ‡∂Ω‡∂∂‡∑è‡∂ú‡∂≠‡∑ä ‡∂¥‡∑î‡∂Ø‡∑ä‡∂ú‡∂Ω‡∂∫‡∂±‡∑ä ‡∑Ñ‡∂ß ‡∂∫‡∑î‡∂ª‡∑ù‡∂¥‡∑ì‡∂∫ ‡∂ª‡∂ß ‡∑Ä‡∂Ω‡∂ß ‡∑Ä‡∑í‡∑É‡∑è ‡∂±‡∑í‡∂ö‡∑î‡∂≠‡∑ä ‡∂±‡∑ú‡∂ö‡∑í‡∂ª‡∑ì‡∂∏ ‡∂¥‡∑í‡∑Ö‡∑í‡∂∂‡∂≥ ‡∑Ä ‡∂Ω‡∑ù‡∂ö ‡∑É‡∑û‡∂õ‡∑ä‚Äç‡∂∫‡∂∫ ‡∑É‡∂Ç‡∑Ä‡∑í‡∂∞‡∑è‡∂±‡∂∫ ‡∂Ö‡∑Ä‡∂Ø‡∑è‡∂±‡∂∫ ‡∂∫‡∑ú‡∂∏‡∑î ‡∂ö‡∂ª‡∂±‡∑ä‡∂± . ‡∑É‡∑û‡∂õ‡∑ä‚Äç‡∂∫‡∂∫ ‡∂ú‡∑ê‡∂ß‡∂Ω‡∑î‡∑Ä ‡∂Ø‡∑ô‡∑É‡∂¥‡∑è‡∂Ω‡∂±‡∂∫ ‡∂ö‡∂ª‡∂±‡∑ä‡∂± ‡∂ë‡∂¥‡∑è. ‡∂¢‡∂±‡∂≠‡∑è‡∑Ä ‡∂∏‡∑ô‡∑í ‡∂¥‡∑í‡∑Ö‡∑í‡∂∂‡∂≥ ‡∑Ñ‡∂© ‡∂±‡∑ê‡∂ú‡∑í‡∂∫ ‡∂∫‡∑î‡∂≠‡∑î‡∂∫‡∑í,2021-07-25 20:53:01,0,87
4,1419400237693554693,@WHOSriLanka @UNSriLanka @WHOSEARO @WHO @MoH_SriLanka @HPBSriLanka @RajapaksaNamal @MCND_LKA @newsdotlk ‡∂ö‡∂ª‡∑ê‡∂±‡∑è‡∂ö‡∂ª ‡∂†‡∑í‡∂±‡∂∫‡∑ö ‡∂±‡∑í‡∑Ç‡∑ä‡∂¥‡∑è‡∂Ø‡∑í‡∂≠ Sinopharm ‡∂ë‡∂±‡∑ä‡∂±‡∂≠ ‡∂Ω‡∂∂‡∑è‡∂ú‡∂≠‡∑ä ‡∂¥‡∑î‡∂Ø‡∑ä‡∂ú‡∂Ω‡∂∫‡∂±‡∑ä ‡∑Ñ‡∂ß ‡∂∫‡∑î‡∂ª‡∑ù‡∂¥‡∑ì‡∂∫ ‡∂ª‡∂ß ‡∑Ä‡∂Ω‡∂ß ‡∑Ä‡∑í‡∑É‡∑è ‡∂±‡∑í‡∂ö‡∑î‡∂≠‡∑ä ‡∂±‡∑ú‡∂ö‡∑í‡∂ª‡∑ì‡∂∏ ‡∂¥‡∑í‡∑Ö‡∑í‡∂∂‡∂≥ ‡∑Ä ‡∂Ω‡∑ù‡∂ö ‡∑É‡∑û‡∂õ‡∑ä‚Äç‡∂∫‡∂∫ ‡∑É‡∂Ç‡∑Ä‡∑í‡∂∞‡∑è‡∂±‡∂∫ ‡∂Ö‡∑Ä‡∂Ø‡∑è‡∂±‡∂∫ ‡∂∫‡∑ú‡∂∏‡∑î ‡∂ö‡∂ª‡∂±‡∑ä‡∂± . ‡∑É‡∑û‡∂õ‡∑ä‚Äç‡∂∫‡∂∫ ‡∂ú‡∑ê‡∂ß‡∂Ω‡∑î‡∑Ä ‡∂Ø‡∑ô‡∑É‡∂¥‡∑è‡∂Ω‡∂±‡∂∫ ‡∂ö‡∂ª‡∂±‡∑ä‡∂± ‡∂ë‡∂¥‡∑è. ‡∂¢‡∂±‡∂≠‡∑è‡∑Ä ‡∂∏‡∑ô‡∑í ‡∂¥‡∑í‡∑Ö‡∑í‡∂∂‡∂≥ ‡∑Ñ‡∂© ‡∂±‡∑ê‡∂ú‡∑í‡∂∫ ‡∂∫‡∑î‡∂≠‡∑î‡∂∫‡∑í,2021-07-25 20:52:42,1,87
5,1419400194727190528,@GotabayaR @WHOSriLanka @WHO ‡∂ö‡∂ª‡∑ê‡∂±‡∑è‡∂ö‡∂ª ‡∂†‡∑í‡∂±‡∂∫‡∑ö ‡∂±‡∑í‡∑Ç‡∑ä‡∂¥‡∑è‡∂Ø‡∑í‡∂≠ Sinopharm ‡∂ë‡∂±‡∑ä‡∂±‡∂≠ ‡∂Ω‡∂∂‡∑è‡∂ú‡∂≠‡∑ä ‡∂¥‡∑î‡∂Ø‡∑ä‡∂ú‡∂Ω‡∂∫‡∂±‡∑ä ‡∑Ñ‡∂ß ‡∂∫‡∑î‡∂ª‡∑ù‡∂¥‡∑ì‡∂∫ ‡∂ª‡∂ß ‡∑Ä‡∂Ω‡∂ß ‡∑Ä‡∑í‡∑É‡∑è ‡∂±‡∑í‡∂ö‡∑î‡∂≠‡∑ä ‡∂±‡∑ú‡∂ö‡∑í‡∂ª‡∑ì‡∂∏ ‡∂¥‡∑í‡∑Ö‡∑í‡∂∂‡∂≥ ‡∑Ä ‡∂Ω‡∑ù‡∂ö ‡∑É‡∑û‡∂õ‡∑ä‚Äç‡∂∫‡∂∫ ‡∑É‡∂Ç‡∑Ä‡∑í‡∂∞‡∑è‡∂±‡∂∫ ‡∂Ö‡∑Ä‡∂Ø‡∑è‡∂±‡∂∫ ‡∂∫‡∑ú‡∂∏‡∑î ‡∂ö‡∂ª‡∂±‡∑ä‡∂± . ‡∑É‡∑û‡∂õ‡∑ä‚Äç‡∂∫‡∂∫ ‡∂ú‡∑ê‡∂ß‡∂Ω‡∑î‡∑Ä ‡∂Ø‡∑ô‡∑É‡∂¥‡∑è‡∂Ω‡∂±‡∂∫ ‡∂ö‡∂ª‡∂±‡∑ä‡∂± ‡∂ë‡∂¥‡∑è. ‡∂¢‡∂±‡∂≠‡∑è‡∑Ä ‡∂∏‡∑ô‡∑í ‡∂¥‡∑í‡∑Ö‡∑í‡∂∂‡∂≥ ‡∑Ñ‡∂© ‡∂±‡∑ê‡∂ú‡∑í‡∂∫ ‡∂∫‡∑î‡∂≠‡∑î‡∂∫‡∑í,2021-07-25 20:52:32,0,87
6,1419399678802595841,@Bhnews_eng @DrTedros ‡∂ö‡∂ª‡∑ê‡∂±‡∑è‡∂ö‡∂ª ‡∂†‡∑í‡∂±‡∂∫‡∑ö ‡∂±‡∑í‡∑Ç‡∑ä‡∂¥‡∑è‡∂Ø‡∑í‡∂≠ Sinopharm ‡∂ë‡∂±‡∑ä‡∂±‡∂≠ ‡∂Ω‡∂∂‡∑è‡∂ú‡∂≠‡∑ä ‡∂¥‡∑î‡∂Ø‡∑ä‡∂ú‡∂Ω‡∂∫‡∂±‡∑ä ‡∑Ñ‡∂ß ‡∂∫‡∑î‡∂ª‡∑ù‡∂¥‡∑ì‡∂∫ ‡∂ª‡∂ß ‡∑Ä‡∂Ω‡∂ß ‡∑Ä‡∑í‡∑É‡∑è ‡∂±‡∑í‡∂ö‡∑î‡∂≠‡∑ä ‡∂±‡∑ú‡∂ö‡∑í‡∂ª‡∑ì‡∂∏ ‡∂¥‡∑í‡∑Ö‡∑í‡∂∂‡∂≥ ‡∑Ä ‡∂Ω‡∑ù‡∂ö ‡∑É‡∑û‡∂õ‡∑ä‚Äç‡∂∫‡∂∫ ‡∑É‡∂Ç‡∑Ä‡∑í‡∂∞‡∑è‡∂±‡∂∫ ‡∂Ö‡∑Ä‡∂Ø‡∑è‡∂±‡∂∫ ‡∂∫‡∑ú‡∂∏‡∑î ‡∂ö‡∂ª‡∂±‡∑ä‡∂± . ‡∑É‡∑û‡∂õ‡∑ä‚Äç‡∂∫‡∂∫ ‡∂ú‡∑ê‡∂ß‡∂Ω‡∑î‡∑Ä ‡∂Ø‡∑ô‡∑É‡∂¥‡∑è‡∂Ω‡∂±‡∂∫ ‡∂ö‡∂ª‡∂±‡∑ä‡∂± ‡∂ë‡∂¥‡∑è. ‡∂¢‡∂±‡∂≠‡∑è‡∑Ä ‡∂∏‡∑ô‡∑í ‡∂¥‡∑í‡∑Ö‡∑í‡∂∂‡∂≥ ‡∑Ñ‡∂© ‡∂±‡∑ê‡∂ú‡∑í‡∂∫ ‡∂∫‡∑î‡∂≠‡∑î‡∂∫‡∑í,2021-07-25 20:50:29,0,87
7,1419399397364830210,@peoplesvaccine @hrw @astroehlein ‡∂ö‡∂ª‡∑ê‡∂±‡∑è‡∂ö‡∂ª ‡∂†‡∑í‡∂±‡∂∫‡∑ö ‡∂±‡∑í‡∑Ç‡∑ä‡∂¥‡∑è‡∂Ø‡∑í‡∂≠ Sinopharm ‡∂ë‡∂±‡∑ä‡∂±‡∂≠ ‡∂Ω‡∂∂‡∑è‡∂ú‡∂≠‡∑ä ‡∂¥‡∑î‡∂Ø‡∑ä‡∂ú‡∂Ω‡∂∫‡∂±‡∑ä ‡∑Ñ‡∂ß ‡∂∫‡∑î‡∂ª‡∑ù‡∂¥‡∑ì‡∂∫ ‡∂ª‡∂ß ‡∑Ä‡∂Ω‡∂ß ‡∑Ä‡∑í‡∑É‡∑è ‡∂±‡∑í‡∂ö‡∑î‡∂≠‡∑ä ‡∂±‡∑ú‡∂ö‡∑í‡∂ª‡∑ì‡∂∏ ‡∂¥‡∑í‡∑Ö‡∑í‡∂∂‡∂≥ ‡∑Ä ‡∂Ω‡∑ù‡∂ö ‡∑É‡∑û‡∂õ‡∑ä‚Äç‡∂∫‡∂∫ ‡∑É‡∂Ç‡∑Ä‡∑í‡∂∞‡∑è‡∂±‡∂∫ ‡∂Ö‡∑Ä‡∂Ø‡∑è‡∂±‡∂∫ ‡∂∫‡∑ú‡∂∏‡∑î ‡∂ö‡∂ª‡∂±‡∑ä‡∂± . ‡∑É‡∑û‡∂õ‡∑ä‚Äç‡∂∫‡∂∫ ‡∂ú‡∑ê‡∂ß‡∂Ω‡∑î‡∑Ä ‡∂Ø‡∑ô‡∑É‡∂¥‡∑è‡∂Ω‡∂±‡∂∫ ‡∂ö‡∂ª‡∂±‡∑ä‡∂± ‡∂ë‡∂¥‡∑è. ‡∂¢‡∂±‡∂≠‡∑è‡∑Ä ‡∂∏‡∑ô‡∑í ‡∂¥‡∑í‡∑Ö‡∑í‡∂∂‡∂≥ ‡∑Ñ‡∂© ‡∂±‡∑ê‡∂ú‡∑í‡∂∫ ‡∂∫‡∑î‡∂≠‡∑î‡∂∫‡∑í,2021-07-25 20:49:22,0,87
8,1419399122071654403,@DrTedros @WHO ‡∂ö‡∂ª‡∑ê‡∂±‡∑è‡∂ö‡∂ª ‡∂†‡∑í‡∂±‡∂∫‡∑ö ‡∂±‡∑í‡∑Ç‡∑ä‡∂¥‡∑è‡∂Ø‡∑í‡∂≠ Sinopharm ‡∂ë‡∂±‡∑ä‡∂±‡∂≠ ‡∂Ω‡∂∂‡∑è‡∂ú‡∂≠‡∑ä ‡∂¥‡∑î‡∂Ø‡∑ä‡∂ú‡∂Ω‡∂∫‡∂±‡∑ä ‡∑Ñ‡∂ß ‡∂∫‡∑î‡∂ª‡∑ù‡∂¥‡∑ì‡∂∫ ‡∂ª‡∂ß ‡∑Ä‡∂Ω‡∂ß ‡∑Ä‡∑í‡∑É‡∑è ‡∂±‡∑í‡∂ö‡∑î‡∂≠‡∑ä ‡∂±‡∑ú‡∂ö‡∑í‡∂ª‡∑ì‡∂∏ ‡∂¥‡∑í‡∑Ö‡∑í‡∂∂‡∂≥ ‡∑Ä ‡∂Ω‡∑ù‡∂ö ‡∑É‡∑û‡∂õ‡∑ä‚Äç‡∂∫‡∂∫ ‡∑É‡∂Ç‡∑Ä‡∑í‡∂∞‡∑è‡∂±‡∂∫ ‡∂Ö‡∑Ä‡∂Ø‡∑è‡∂±‡∂∫ ‡∂∫‡∑ú‡∂∏‡∑î ‡∂ö‡∂ª‡∂±‡∑ä‡∂± . ‡∑É‡∑û‡∂õ‡∑ä‚Äç‡∂∫‡∂∫ ‡∂ú‡∑ê‡∂ß‡∂Ω‡∑î‡∑Ä ‡∂Ø‡∑ô‡∑É‡∂¥‡∑è‡∂Ω‡∂±‡∂∫ ‡∂ö‡∂ª‡∂±‡∑ä‡∂± ‡∂ë‡∂¥‡∑è. ‡∂¢‡∂±‡∂≠‡∑è‡∑Ä ‡∂∏‡∑ô‡∑í ‡∂¥‡∑í‡∑Ö‡∑í‡∂∂‡∂≥ ‡∑Ñ‡∂© ‡∂±‡∑ê‡∂ú‡∑í‡∂∫ ‡∂∫‡∑î‡∂≠‡∑î‡∂∫‡∑í,2021-07-25 20:48:16,0,87
9,1419398861139763207,@WHO @DrTedros ‡∂ö‡∂ª‡∑ê‡∂±‡∑è‡∂ö‡∂ª ‡∂†‡∑í‡∂±‡∂∫‡∑ö ‡∂±‡∑í‡∑Ç‡∑ä‡∂¥‡∑è‡∂Ø‡∑í‡∂≠ Sinopharm ‡∂ë‡∂±‡∑ä‡∂±‡∂≠ ‡∂Ω‡∂∂‡∑è‡∂ú‡∂≠‡∑ä ‡∂¥‡∑î‡∂Ø‡∑ä‡∂ú‡∂Ω‡∂∫‡∂±‡∑ä ‡∑Ñ‡∂ß ‡∂∫‡∑î‡∂ª‡∑ù‡∂¥‡∑ì‡∂∫ ‡∂ª‡∂ß ‡∑Ä‡∂Ω‡∂ß ‡∑Ä‡∑í‡∑É‡∑è ‡∂±‡∑í‡∂ö‡∑î‡∂≠‡∑ä ‡∂±‡∑ú‡∂ö‡∑í‡∂ª‡∑ì‡∂∏ ‡∂¥‡∑í‡∑Ö‡∑í‡∂∂‡∂≥ ‡∑Ä ‡∂Ω‡∑ù‡∂ö ‡∑É‡∑û‡∂õ‡∑ä‚Äç‡∂∫‡∂∫ ‡∑É‡∂Ç‡∑Ä‡∑í‡∂∞‡∑è‡∂±‡∂∫ ‡∂Ö‡∑Ä‡∂Ø‡∑è‡∂±‡∂∫ ‡∂∫‡∑ú‡∂∏‡∑î ‡∂ö‡∂ª‡∂±‡∑ä‡∂± . ‡∑É‡∑û‡∂õ‡∑ä‚Äç‡∂∫‡∂∫ ‡∂ú‡∑ê‡∂ß‡∂Ω‡∑î‡∑Ä ‡∂Ø‡∑ô‡∑É‡∂¥‡∑è‡∂Ω‡∂±‡∂∫ ‡∂ö‡∂ª‡∂±‡∑ä‡∂± ‡∂ë‡∂¥‡∑è. ‡∂¢‡∂±‡∂≠‡∑è‡∑Ä ‡∂∏‡∑ô‡∑í ‡∂¥‡∑í‡∑Ö‡∑í‡∂∂‡∂≥ ‡∑Ñ‡∂© ‡∂±‡∑ê‡∂ú‡∑í‡∂∫ ‡∂∫‡∑î‡∂≠‡∑î‡∂∫‡∑í,2021-07-25 20:47:14,0,87
10,1419065357105569795,‡∑Å‡∑ä‚Äç‡∂ª‡∑ì ‡∂Ω‡∂Ç‡∂ö‡∂±‡∑ä ‡∂ú‡∑î‡∑Ä‡∂±‡∑ä ‡∑É‡∑ö‡∑Ä‡∂∫ ‚Äú‡∑Ä‡∑í‡∑Å‡∑í‡∑Ç‡∑ä‡∂ß ‡∑É‡∑û‡∂õ‡∑ä‚Äç‡∂∫‡∂∫ ‡∂ö‡∑Ö‡∂∏‡∂±‡∑è‡∂ö‡∂ª‡∂´‡∂∫‚Äù ‡∑É‡∂≥‡∑Ñ‡∑è ‡∑Ä‡∑ñ ‡∑É‡∂∏‡∑ä‡∂∏‡∑è‡∂±‡∂∫ ‡∂Ø‡∑í‡∂±‡∑è¬†‡∂ú‡∂±‡∑í‡∂∫‡∑í https://t.co/OscPBbmywY,2021-07-24 22:42:00,0,383
11,1418896244374589440,"2021 ‡∂Ü‡∑É‡∑í‡∂∫‡∑è‡∂±‡∑î ‡∂±‡∑è‡∂∫‡∂ö‡∂≠‡∑ä‡∑Ä ‡∑É‡∂∏‡∑ä‡∂∏‡∑è‡∂± ‡∂ã‡∑Ö‡∑ô‡∂Ω‡∑ö ‡∂Ø‡∑ì ‡∑Å‡∑ä‚Äç‡∂ª‡∑ì‡∂Ω‡∂Ç‡∂ö‡∂±‡∑ä ‡∂ú‡∑î‡∑Ä‡∂±‡∑ä ‡∑É‡∑ö‡∑Ä‡∂∫ ‚Äú‡∑Ä‡∑í‡∑Å‡∑í‡∑Ç‡∑ä‡∂ß ‡∑É‡∑û‡∂õ‡∑ä‚Äç‡∂∫‡∂∫ ‡∂ö‡∑Ö‡∂∏‡∂±‡∑è‡∂ö‡∂ª‡∂´‡∂∫ ‚Äù  ‡∑É‡∂≥‡∑Ñ‡∑è ‡∑Ä‡∑ñ ‡∑É‡∂∏‡∑ä‡∂∏‡∑è‡∂±‡∂∫ ‡∂Ø‡∑í‡∂±‡∑è ‡∂ú‡∂±‡∑í‡∂∫‡∑í 
https://t.co/nJMY37I3BI https://t.co/bFengAuFUy",2021-07-24 11:30:01,0,23
12,1418793399960866821,"‡∑Å‡∑ä‚Äç‡∂ª‡∑ì‡∂Ω‡∂Ç‡∂ö‡∂±‡∑ä ‡∂ú‡∑î‡∑Ä‡∂±‡∑ä ‡∑É‡∑ö‡∑Ä‡∂∫ 2021 ‡∂Ü‡∑É‡∑í‡∂∫‡∑è‡∂±‡∑î ‡∂±‡∑è‡∂∫‡∂ö‡∂≠‡∑ä‡∑Ä ‡∑É‡∂∏‡∑ä‡∂∏‡∑è‡∂± ‡∂ã‡∑Ö‡∑ô‡∂Ω‡∑ö ‡∂Ø‡∑ì (ALA)   ‚Äú‡∂Ü‡∑É‡∑í‡∂∫‡∑è‡∂±‡∑î ‡∂∏‡∑è‡∂±‡∑Ä ‡∑É‡∂∏‡∑ä‡∂¥‡∂≠‡∑ä ‡∂±‡∑è‡∂∫‡∂ö‡∂≠‡∑ä‡∑Ä ‡∑É‡∂∏‡∑ä‡∂∏‡∑è‡∂±‚Äù ‡∂ö‡∑è‡∂´‡∑ä‡∂©‡∂∫ ‡∂∫‡∂ß‡∂≠‡∑ö ‚Äú‡∑Ä‡∑í‡∑Å‡∑í‡∑Ç‡∑ä‡∂ß‡∂≠‡∂∏ ‡∑É‡∑û‡∂õ‡∑ä‚Äç‡∂∫‡∂∫ ‡∂ö‡∑Ö‡∂∏‡∂±‡∑è‡∂ö‡∂ª‡∂´‡∂∫ ‚Äù (Best in managing health at work) ‡∑É‡∂≥‡∑Ñ‡∑è ‡∑Ä‡∑ñ ‡∑É‡∂∏‡∑ä‡∂∏‡∑è‡∂±‡∂∫‡∑ô‡∂±‡∑ä ‡∂¥‡∑í‡∂Ø‡∑î‡∂∏‡∑ä ‡∂Ω‡∂∂‡∑è ‡∂á‡∂≠.
#lka https://t.co/fQ5CAflH8y",2021-07-24 04:41:21,0,32
